kind,before,added,after,wilson95_lcb
positive,46,7,62,0.9416559278986275
matched_negative,46,7,62,0.9416559278986275
