timeframe,model,fit_rows,fit_positives,threshold,cal_support,cal_precision,cal_wilson95_lcb,cal_coverage,cal_ece_10bin,test_support,test_precision,test_wilson95_lcb,test_coverage,test_ece_10bin,accepted_95
5S,hgb_sampled,80148,148,0.990464263815,114,0.622807017544,0.531202185855,0.000694017448,0.011130316901,112,0.535714285714,0.443703514237,0.000681837552,0.010919129339,False
5S,logit_sampled,80148,148,1.000000000000,105,0.504761904762,0.410664358014,0.000639226597,0.015910349543,95,0.494736842105,0.396375788212,0.000578344352,0.015927112371,False
15S,hgb_sampled,80153,153,0.990680778844,97,0.793814432990,0.702870721414,0.000830330163,0.010105825720,75,0.826666666667,0.725691885595,0.000642007858,0.010109124553,False
15S,logit_sampled,80153,153,0.999999578022,129,0.604651162791,0.518427175754,0.001104253516,0.004784831710,113,0.566371681416,0.474304547491,0.000967291840,0.004609353144,False
25S,hgb_sampled,80157,157,0.990723340435,71,0.943661971831,0.863903942000,0.000736277753,0.009766034351,65,0.923076923077,0.832240667299,0.000674050108,0.009698786131,False
25S,hgb_full_31x120,289294,157,0.949206088633,73,0.931506849315,0.849478949594,0.000757017971,0.050821981313,65,0.923076923077,0.832240667299,0.000674050108,0.050818823512,False
25S,hgb_full_15x160,289294,157,0.971819680601,73,0.945205479452,0.867410024578,0.000757017971,0.028338132644,64,0.921875000000,0.829804626458,0.000663680106,0.028348651837,False
25S,hgb_full_7x120,289294,157,0.995725839994,78,0.910256410256,0.826152754394,0.000808868517,0.004642711277,71,0.845070422535,0.743490371467,0.000736270118,0.004603877620,False
25S,logit_sampled,80157,157,0.999792066802,107,0.691588785047,0.598715091322,0.001109601684,0.002647232291,97,0.680412371134,0.582266326033,0.001005890161,0.002732454023,False
