{
  "schema_version": "factor-payoff-shape/v1",
  "candidate_id": "CrashRebound",
  "trade_count": 207,
  "nb_trials": 30,
  "gross_return_R": 2.1246619687392125,
  "cost_total_R": 0.4140000000000003,
  "net_return_R": 1.7106619687392108,
  "hit_rate": 0.6859903381642513,
  "avg_win": 0.038654614042769535,
  "avg_loss": -0.05812758808206248,
  "win_loss_ratio": 0.6649960082327571,
  "avg_rr": 0.6649960082327571,
  "profit_factor": 1.4527605102931,
  "sharpe": 2.7767711453213444,
  "sortino": 3.6641709487246503,
  "calmar": 3.117946590690333,
  "oos_sharpe_lcb": 2.640541728137389,
  "psr": 1.0,
  "dsr": 0.0019108190421897042,
  "pbo": 0.5387821648366828,
  "deflated_sharpe_benchmark": 3.4717123783414143,
  "effective_trials": 30,
  "effective_sample_size": 207,
  "max_drawdown_R": -0.5486501833761237,
  "cvar_95": -0.14807886748289512,
  "skew": -1.2318729752940283,
  "kurtosis": 4.875334901772319,
  "tail_loss_p95": -0.11337355397716865,
  "tail_ratio": 0.7012256031681375,
  "payoff_shape": "mean_reversion_snapback",
  "failure_tags": [
    "low_dsr",
    "high_pbo"
  ],
  "promotion_gate": "probe"
}
