{
  "branch_counts": {
    "block_crowded": 12,
    "transition_guardrail": 52
  },
  "decision_hint_counts": {
    "execution_blocked_regardless_of_prediction": 12,
    "execution_guarded_due_to_high_transition_hazard": 8,
    "execution_guarded_due_to_low_remaining_regime_duration": 44
  },
  "gate_status_counts": {
    "blocked": 12,
    "observe": 52
  },
  "metric_summary": {
    "branch_probability": {
      "count": 64,
      "max": 0.5,
      "mean": 0.053637078125,
      "median": 0.0,
      "min": 0.0,
      "p25": 0.0,
      "p75": 0.0
    },
    "cycle_phase_alignment": {
      "count": 49,
      "max": 0.9866,
      "mean": 0.11321020408163265,
      "median": 0.3603,
      "min": -0.9979,
      "p25": -0.5913,
      "p75": 0.6628
    },
    "dominant_cycle_energy": {
      "count": 44,
      "max": 0.8807,
      "mean": 0.6211,
      "median": 0.6009,
      "min": 0.3378,
      "p25": 0.5017,
      "p75": 0.7501
    },
    "duration_remaining_expected_bars": {
      "count": 52,
      "max": 2.3,
      "mean": 0.5355769230769231,
      "median": 0.25,
      "min": 0.0,
      "p25": 0.0,
      "p75": 0.95
    },
    "execution_readiness": {
      "count": 64,
      "max": 0.49,
      "mean": 0.3846375,
      "median": 0.3988,
      "min": 0.2146,
      "p25": 0.3517,
      "p75": 0.4402
    },
    "execution_score": {
      "count": 64,
      "max": 0.584516,
      "mean": 0.54332740625,
      "median": 0.557391,
      "min": 0.435756,
      "p25": 0.550132,
      "p75": 0.565317
    },
    "hybrid_transition_hazard": {
      "count": 52,
      "max": 0.685,
      "mean": 0.619173076923077,
      "median": 0.644,
      "min": 0.498,
      "p25": 0.578,
      "p75": 0.664
    },
    "ising_phase_transition_risk": {
      "count": 63,
      "max": 0.3634,
      "mean": 0.2831365079365079,
      "median": 0.2791,
      "min": 0.2382,
      "p25": 0.2671,
      "p75": 0.29
    },
    "prediction_vote_score": {
      "count": 64,
      "max": 0.5802,
      "mean": 0.5724546875,
      "median": 0.5725,
      "min": 0.5669,
      "p25": 0.5699,
      "p75": 0.5742
    },
    "pythagorean_overstretch": {
      "count": 33,
      "max": 1.0,
      "mean": 0.8505818181818181,
      "median": 1.0,
      "min": 0.0945,
      "p25": 1.0,
      "p75": 1.0
    },
    "ranker_score_calibrated_path_prob": {
      "count": 0,
      "max": null,
      "mean": null,
      "median": null,
      "min": null,
      "p25": null,
      "p75": null
    },
    "ranker_score_path_prob_lower_bound": {
      "count": 0,
      "max": null,
      "mean": null,
      "median": null,
      "min": null,
      "p25": null,
      "p75": null
    },
    "ranker_score_raw_path_score": {
      "count": 64,
      "max": 0.64775,
      "mean": 0.64775,
      "median": 0.64775,
      "min": 0.64775,
      "p25": 0.64775,
      "p75": 0.64775
    },
    "readiness_gap_to_observe": {
      "count": 64,
      "max": 0.2354,
      "mean": 0.0673265625,
      "median": 0.052,
      "min": 0.0,
      "p25": 0.0098,
      "p75": 0.0983
    },
    "readiness_gap_to_ready": {
      "count": 64,
      "max": 0.4354,
      "mean": 0.2653625,
      "median": 0.252,
      "min": 0.16,
      "p25": 0.2098,
      "p75": 0.2983
    },
    "spectral_entropy": {
      "count": 52,
      "max": 0.5992,
      "mean": 0.38416153846153844,
      "median": 0.409,
      "min": 0.1551,
      "p25": 0.2848,
      "p75": 0.4621
    },
    "top_negative_contribution": {
      "count": 64,
      "max": -0.160013,
      "mean": -0.55111775,
      "median": -0.5,
      "min": -0.997926,
      "p25": -0.5,
      "p75": -0.5
    },
    "top_positive_contribution": {
      "count": 64,
      "max": 0.986599,
      "mean": 0.59326325,
      "median": 0.587394,
      "min": 0.336702,
      "p25": 0.444303,
      "p75": 0.662811
    }
  },
  "scan_tsv": "/tmp/ict-regime-chain-20260509T231052/autoquant-entry-scorecoverage-scan-064/scan.tsv",
  "schema_version": "execution-tree-guardrail-scan/v1",
  "windows_scanned": 64
}
