{
  "parent_config": [
    0,
    0,
    0
  ],
  "initial_probs": [
    0.2984468904972243,
    3.282293990429861e-15,
    0.7015531095027724
  ],
  "final_probs": [
    0.27201863738705356,
    6.861644598104898e-28,
    0.7279813626129464
  ],
  "strategies_applied": [
    {
      "strategy_name": "ProviderCryptoMomentumStateV1_yfinance_172142",
      "mutation_id": "172142_yfinance_ProviderCryptoMomentumStateV1",
      "trade_count": 317,
      "n_win": 76,
      "n_loss": 241,
      "n_breakeven": 0,
      "temper": 0.5,
      "before_probs": [
        0.2984468904972243,
        3.282293990429861e-15,
        0.7015531095027724
      ],
      "after_probs": [
        0.24119253884300862,
        8.079492899519657e-17,
        0.7588074611569913
      ],
      "diff": [
        -0.05725435165421566,
        -3.2014990614346645e-15,
        0.05725435165421888
      ],
      "bbn_entropy_before": 0.6095426068013328,
      "bbn_entropy_after": 0.5524506491470567,
      "bbn_entropy_reduction": 0.057091957654276104,
      "bbn_log_loss_before": 0.5593720817615403,
      "bbn_log_loss_after": 0.5507945678707797,
      "bbn_log_loss_delta": 0.008577513890760557,
      "bbn_contradiction_before": 0.11739851285565395,
      "bbn_contradiction_after": 0.0028898095472162074,
      "bbn_contradiction_lift": 0.11450870330843774,
      "evidence_value_gate_passed": true
    },
    {
      "strategy_name": "ProviderCryptoPullbackRevertV1_yfinance_172142",
      "mutation_id": "172142_yfinance_ProviderCryptoPullbackRevertV1",
      "trade_count": 145,
      "n_win": 68,
      "n_loss": 77,
      "n_breakeven": 0,
      "temper": 0.5,
      "before_probs": [
        0.24119253884300862,
        8.079492899519657e-17,
        0.7588074611569913
      ],
      "after_probs": [
        0.45705581902447107,
        4.224571450729232e-18,
        0.5429441809755289
      ],
      "diff": [
        0.21586328018146245,
        -7.657035754446734e-17,
        -0.2158632801814624
      ],
      "bbn_entropy_before": 0.5524506491470567,
      "bbn_entropy_after": 0.6894542269885929,
      "bbn_entropy_reduction": 0.0,
      "bbn_log_loss_before": 0.8135132268730554,
      "bbn_log_loss_after": 0.6915050888295597,
      "bbn_log_loss_delta": 0.12200813804349564,
      "bbn_contradiction_before": 0.45554595679674137,
      "bbn_contradiction_after": 0.02381939643381648,
      "bbn_contradiction_lift": 0.4317265603629249,
      "evidence_value_gate_passed": true
    },
    {
      "strategy_name": "ProviderCryptoMomentumStateV1_ibkr_aggtrades_172142",
      "mutation_id": "172142_ibkr_aggtrades_ProviderCryptoMomentumStateV1",
      "trade_count": 276,
      "n_win": 66,
      "n_loss": 210,
      "n_breakeven": 0,
      "temper": 0.5,
      "before_probs": [
        0.45705581902447107,
        4.224571450729232e-18,
        0.5429441809755289
      ],
      "after_probs": [
        0.24526917800068934,
        1.190020126965981e-19,
        0.7547308219993106
      ],
      "diff": [
        -0.21178664102378172,
        -4.105569438032634e-18,
        0.21178664102378175
      ],
      "bbn_entropy_before": 0.6894542269885929,
      "bbn_entropy_after": 0.5570778698569262,
      "bbn_entropy_reduction": 0.13237635713166673,
      "bbn_log_loss_before": 0.651927259757368,
      "bbn_log_loss_after": 0.5501778926125066,
      "bbn_log_loss_delta": 0.10174936714486138,
      "bbn_contradiction_before": 0.43585076848372484,
      "bbn_contradiction_after": 0.012277486436161361,
      "bbn_contradiction_lift": 0.4235732820475635,
      "evidence_value_gate_passed": true
    },
    {
      "strategy_name": "ProviderCryptoPullbackRevertV1_ibkr_aggtrades_172142",
      "mutation_id": "172142_ibkr_aggtrades_ProviderCryptoPullbackRevertV1",
      "trade_count": 150,
      "n_win": 75,
      "n_loss": 75,
      "n_breakeven": 0,
      "temper": 0.5,
      "before_probs": [
        0.24526917800068934,
        1.190020126965981e-19,
        0.7547308219993106
      ],
      "after_probs": [
        0.48710223686079446,
        6.025418364384714e-21,
        0.5128977631392055
      ],
      "diff": [
        0.24183305886010512,
        -1.129765943322134e-19,
        -0.2418330588601051
      ],
      "bbn_entropy_before": 0.5570778698569262,
      "bbn_entropy_after": 0.6928144390646833,
      "bbn_entropy_reduction": 0.0,
      "bbn_log_loss_before": 0.8433965531455039,
      "bbn_log_loss_after": 0.6934799958894066,
      "bbn_log_loss_delta": 0.14991655725609732,
      "bbn_contradiction_before": 0.5094616439986213,
      "bbn_contradiction_after": 0.025795526278411085,
      "bbn_contradiction_lift": 0.4836661177202102,
      "evidence_value_gate_passed": true
    },
    {
      "strategy_name": "ProviderCryptoMomentumStateV1_kraken_public_172142",
      "mutation_id": "172142_kraken_public_ProviderCryptoMomentumStateV1",
      "trade_count": 76,
      "n_win": 24,
      "n_loss": 52,
      "n_breakeven": 0,
      "temper": 0.5,
      "before_probs": [
        0.48710223686079446,
        6.025418364384714e-21,
        0.5128977631392055
      ],
      "after_probs": [
        0.3321049749391233,
        5.738493680366394e-22,
        0.6678950250608767
      ],
      "diff": [
        -0.15499726192167118,
        -5.451568996348074e-21,
        0.15499726192167118
      ],
      "bbn_entropy_before": 0.6928144390646833,
      "bbn_entropy_after": 0.6356593381014957,
      "bbn_entropy_reduction": 0.057155100963187655,
      "bbn_log_loss_before": 0.6839742721718836,
      "bbn_log_loss_after": 0.6242600252418589,
      "bbn_log_loss_delta": 0.059714246930024695,
      "bbn_contradiction_before": 0.3426255263531679,
      "bbn_contradiction_after": 0.032631002509825535,
      "bbn_contradiction_lift": 0.30999452384334236,
      "evidence_value_gate_passed": true
    },
    {
      "strategy_name": "ProviderCryptoPullbackRevertV1_kraken_public_172142",
      "mutation_id": "172142_kraken_public_ProviderCryptoPullbackRevertV1",
      "trade_count": 30,
      "n_win": 10,
      "n_loss": 20,
      "n_breakeven": 0,
      "temper": 0.5,
      "before_probs": [
        0.3321049749391233,
        5.738493680366394e-22,
        0.6678950250608767
      ],
      "after_probs": [
        0.33307473156613127,
        1.2081039327087144e-22,
        0.6669252684338688
      ],
      "diff": [
        0.0009697566270079894,
        -4.530389747657679e-22,
        -0.0009697566270079339
      ],
      "bbn_entropy_before": 0.6356593381014957,
      "bbn_entropy_after": 0.6363347687210552,
      "bbn_entropy_reduction": 0.0,
      "bbn_log_loss_before": 0.6365175674271282,
      "bbn_log_loss_after": 0.6365143188022245,
      "bbn_log_loss_delta": 3.248624903640085e-6,
      "bbn_contradiction_before": 0.0024567167884201324,
      "bbn_contradiction_after": 0.0005172035344042092,
      "bbn_contradiction_lift": 0.0019395132540159232,
      "evidence_value_gate_passed": true
    },
    {
      "strategy_name": "ProviderCryptoMomentumStateV1_binance_public_172142",
      "mutation_id": "172142_binance_public_ProviderCryptoMomentumStateV1",
      "trade_count": 624,
      "n_win": 144,
      "n_loss": 480,
      "n_breakeven": 0,
      "temper": 0.5,
      "before_probs": [
        0.33307473156613127,
        1.2081039327087144e-22,
        0.6669252684338688
      ],
      "after_probs": [
        0.23206423710843205,
        1.5292454844414106e-24,
        0.767935762891568
      ],
      "diff": [
        -0.10101049445769922,
        -1.1928114778643004e-22,
        0.10101049445769916
      ],
      "bbn_entropy_before": 0.6363347687210552,
      "bbn_entropy_after": 0.5417585773016511,
      "bbn_entropy_reduction": 0.0945761914194041,
      "bbn_log_loss_before": 0.5653029224545076,
      "bbn_log_loss_after": 0.5402088537437335,
      "bbn_log_loss_delta": 0.02509406871077413,
      "bbn_contradiction_before": 0.20461100159380097,