regime_label,event_count,outcome_6h_count,hit_rate_6h,mean_forward_6h_return,outcome_12h_count,hit_rate_12h,mean_forward_12h_return
other,6,6,0.333333,-0.00180151,6,0.0,-0.00963444
range,45,45,0.711111,-0.00171938,44,0.659091,-0.0030796
transition,63,63,0.539683,0.00258363,61,0.393443,-0.00016662
trend,13,13,0.846154,-0.00238487,13,0.846154,-0.00350167
