{
  "run_id": "20260511T012949+0800-codex-tomac-gc-nq-main-regime-v2-root-gate",
  "active_axis": "MainRegimeV2",
  "contexts": [
    {
      "instrument": "GC",
      "timeframe": "1h",
      "input": "/Users/thrill3r/Downloads/Tomac/gc future 2021-2025/gc_201101_202604.csv",
      "raw_rows": 5327112,
      "bars": 94079,
      "feature_rows": 94051,
      "split": {
        "train": 47025,
        "calibration": 23513,
        "test": 23513
      },
      "label_thresholds_train_only": {
        "bull_future_ret_q70": 0.0019052990216114275,
        "bear_future_ret_q30": -0.0019211624873254345,
        "crisis_future_ret_q05": -0.008487272570017978,
        "crisis_future_range_q95": 0.017841663088069466,
        "sideways_abs_future_ret_q35": 0.001633770555611824,
        "sideways_future_range_q50": 0.006498027384543872
      },
      "label_counts": {
        "Bull": 29863,
        "Bear": 22161,
        "Sideways": 24682,
        "Crisis": 5562
      },
      "root_results": [
        {
          "root": "Bull",
          "rule": "bar_range >= 0.0066040614769",
          "feature": "bar_range",
          "direction": "ge",
          "threshold": 0.0066040614768962036,
          "train": {
            "support": 2352,
            "positives": 945,
            "precision": 0.4017857142857143,
            "wilson95_lcb": 0.3821481558660487
          },
          "calibration": {
            "support": 1203,
            "positives": 463,
            "precision": 0.3848711554447215,
            "wilson95_lcb": 0.3577838223822085
          },
          "test": {
            "support": 1553,
            "positives": 679,
            "precision": 0.43721828718609146,
            "wilson95_lcb": 0.41273246589610285
          },
          "accepted_95": false,
          "blocker": "calibration_or_test_wilson_below_95_or_support_below_30"
        },
        {
          "root": "Bear",
          "rule": "ret_20 >= 0.0137231783969",
          "feature": "ret_20",
          "direction": "ge",
          "threshold": 0.013723178396919472,
          "train": {
            "support": 2352,
            "positives": 658,
            "precision": 0.27976190476190477,
            "wilson95_lcb": 0.2619912439318084
          },
          "calibration": {
            "support": 1167,
            "positives": 265,
            "precision": 0.22707797772065125,
            "wilson95_lcb": 0.20395985854888457
          },
          "test": {
            "support": 1965,
            "positives": 410,
            "precision": 0.20865139949109415,
            "wilson95_lcb": 0.19126198064469876
          },
          "accepted_95": false,
          "blocker": "calibration_or_test_wilson_below_95_or_support_below_30"
        },
        {
          "root": "Sideways",
          "rule": "bar_range <= 0.000715910724503",
          "feature": "bar_range",
          "direction": "le",
          "threshold": 0.0007159107245029753,
          "train": {
            "support": 2352,
            "positives": 1011,
            "precision": 0.4298469387755102,
            "wilson95_lcb": 0.40997031719709714
          },
          "calibration": {
            "support": 1460,
            "positives": 673,
            "precision": 0.46095890410958906,
            "wilson95_lcb": 0.43552572518587623
          },
          "test": {
            "support": 1282,
            "positives": 537,
            "precision": 0.41887675507020283,
            "wilson95_lcb": 0.3921510844467137
          },
          "accepted_95": false,
          "blocker": "calibration_or_test_wilson_below_95_or_support_below_30"
        },
        {
          "root": "Crisis",
          "rule": "vol_20 >= 0.00345581008166",
          "feature": "vol_20",
          "direction": "ge",
          "threshold": 0.0034558100816648456,
          "train": {
            "support": 2352,
            "positives": 419,
            "precision": 0.17814625850340135,
            "wilson95_lcb": 0.16321102047902125
          },
          "calibration": {
            "support": 1136,
            "positives": 244,
            "precision": 0.2147887323943662,
            "wilson95_lcb": 0.19188955138024086
          },
          "test": {
            "support": 1927,
            "positives": 470,
            "precision": 0.24390243902439024,
            "wilson95_lcb": 0.22525063431143175
          },
          "accepted_95": false,
          "blocker": "calibration_or_test_wilson_below_95_or_support_below_30"
        }
      ]
    },
    {
      "instrument": "GC",
      "timeframe": "1d",
      "input": "/Users/thrill3r/Downloads/Tomac/gc future 2021-2025/gc_201101_202604.csv",
      "raw_rows": 5327112,
      "bars": 4741,
      "feature_rows": 4716,
      "split": {
        "train": 2358,
        "calibration": 1179,
        "test": 1179
      },
      "label_thresholds_train_only": {
        "bull_future_ret_q70": 0.009185930099277971,
        "bear_future_ret_q30": -0.009061884078920456,
        "crisis_future_ret_q05": -0.03093867757853299,
        "crisis_future_range_q95": 0.05786007924334913,
        "sideways_abs_future_ret_q35": 0.008011215723105026,
        "sideways_future_range_q50": 0.026604364143636858
      },
      "label_counts": {
        "Bull": 1552,
        "Bear": 1013,
        "Sideways": 1281,
        "Crisis": 278
      },
      "root_results": [
        {
          "root": "Bull",
          "rule": "vol_20 >= 0.00893976005544",
          "feature": "vol_20",
          "direction": "ge",
          "threshold": 0.008939760055437576,
          "train": {
            "support": 708,
            "positives": 255,
            "precision": 0.3601694915254237,
            "wilson95_lcb": 0.3256511376593814
          },
          "calibration": {
            "support": 363,
            "positives": 115,
            "precision": 0.3168044077134986,
            "wilson95_lcb": 0.2710764641433734
          },
          "test": {
            "support": 530,
            "positives": 202,
            "precision": 0.38113207547169814,
            "wilson95_lcb": 0.3407803147296302
          },
          "accepted_95": false,
          "blocker": "calibration_or_test_wilson_below_95_or_support_below_30"
        },
        {
          "root": "Bear",
          "rule": "range_20 <= 0.0337286165244",
          "feature": "range_20",
          "direction": "le",
          "threshold": 0.033728616524440425,
          "train": {
            "support": 118,
            "positives": 48,
            "precision": 0.4067796610169492,
            "wilson95_lcb": 0.32244480291963507
          },
          "calibration": {
            "support": 168,
            "positives": 31,
            "precision": 0.18452380952380953,
            "wilson95_lcb": 0.1331505856073086
          },
          "test": {
            "support": 54,
            "positives": 9,
            "precision": 0.16666666666666666,
            "wilson95_lcb": 0.09024391642997266
          },
          "accepted_95": false,
          "blocker": "calibration_or_test_wilson_below_95_or_support_below_30"
        },
        {
          "root": "Sideways",
          "rule": "vol_20 <= 0.006184888013",
          "feature": "vol_20",
          "direction": "le",
          "threshold": 0.006184888012999712,
          "train": {
            "support": 708,
            "positives": 249,
            "precision": 0.3516949152542373,
            "wilson95_lcb": 0.31740856938239964
          },
          "calibration": {
            "support": 366,
            "positives": 162,
            "precision": 0.4426229508196721,
            "wilson95_lcb": 0.39259427928398544
          },
          "test": {
            "support": 202,
            "positives": 60,
            "precision": 0.297029702970297,
            "wilson95_lcb": 0.2382789765915053
          },
          "accepted_95": false,