split,rows,support,successes,precision,wilson_lcb_95,coverage,ece_10bin
calibration,1107450,33610,32882,0.9783397798274324,0.9767279547055007,0.030348999954851234,0.08171197215474314
test,1107451,9961,9841,0.987953016765385,0.9856146629785103,0.008994528877575621,0.11550138174952651
