{
  "parent_config": [
    0,
    0,
    0
  ],
  "initial_probs": [
    0.999956,
    0.000022,
    0.000022
  ],
  "final_probs": [
    0.55998592,
    7.0399999999999995e-6,
    0.44000704
  ],
  "strategies_applied": [
    {
      "strategy_name": "RegimeTrendCarry",
      "mutation_id": "",
      "trade_count": 17,
      "n_win": 6,
      "n_loss": 11,
      "n_breakeven": 0,
      "temper": 0.5,
      "before_probs": [
        0.999956,
        0.000022,
        0.000022
      ],
      "after_probs": [
        0.55998592,
        7.0399999999999995e-6,
        0.44000704
      ],
      "diff": [
        -0.43997007999999993,
        -0.000014959999999999999,
        0.43998504
      ],
      "bbn_entropy_before": 0.0005158756285885085,
      "bbn_entropy_after": 0.6860179777505295,
      "bbn_entropy_reduction": 0.0,
      "bbn_log_loss_before": 6.939377244498454,
      "bbn_log_loss_after": 0.735863053219597,
      "bbn_log_loss_delta": 6.203514191278857,
      "bbn_contradiction_before": 1.2940736470588234,
      "bbn_contradiction_after": 0.41410356705882356,
      "bbn_contradiction_lift": 0.8799700799999999,
      "evidence_value_gate_passed": true
    }
  ],
  "strategies_skipped": [],
  "temper": 0.5,
  "prior_strength": 4.0,
  "bbn_entropy_reduction": 0.0,
  "bbn_log_loss_delta": 6.203514191278857,
  "bbn_contradiction_lift": 0.8799700799999999,
  "evidence_value_gate_passed": true
}