pair,period_bucket,trades,wins,losses,win_rate,win_rate_wilson95_lcb,mean_profit_ratio,sum_profit_ratio
ES/USD,2020_2022,10,4,6,0.4,0.16817758120350967,-0.002608727696893119,-0.026087276968931192
ES/USD,2023_2024,43,24,19,0.5581395348837209,0.4110735806551172,-0.00015625904014973568,-0.0067191387264386344
ES/USD,pre_2020,80,38,42,0.475,0.36924549861651623,0.0003261480593449849,0.02609184474759879
NQ/USD,2020_2022,45,32,13,0.7111111111111111,0.5663118252773978,0.00026081222318769095,0.011736550043446092
NQ/USD,2023_2024,21,18,3,0.8571428571428571,0.6536350585077049,0.005125926950296365,0.10764446595622366
NQ/USD,pre_2020,25,14,11,0.56,0.37067017019564436,0.00019355307764950828,0.004838826941237707
