{
  "parent_config": [
    0,
    0,
    0
  ],
  "initial_probs": [
    0.999956,
    0.000022,
    0.000022
  ],
  "final_probs": [
    0.5731664390243902,
    2.146341463414634e-6,
    0.42683141463414637
  ],
  "strategies_applied": [
    {
      "strategy_name": "TomacNQ_KillzoneBreakout",
      "mutation_id": "qqq-regime-branch-20260510-tomac-killzone-breakout",
      "trade_count": 74,
      "n_win": 39,
      "n_loss": 35,
      "n_breakeven": 0,
      "temper": 0.5,
      "before_probs": [
        0.999956,
        0.000022,
        0.000022
      ],
      "after_probs": [
        0.5731664390243902,
        2.146341463414634e-6,
        0.42683141463414637
      ],
      "diff": [
        -0.4267895609756097,
        -0.000019853658536585365,
        0.42680941463414634
      ],
      "bbn_entropy_before": 0.0005158756285885085,
      "bbn_entropy_after": 0.6824303155704626,
      "bbn_entropy_reduction": 0.0,
      "bbn_log_loss_before": 5.0724067526886705,
      "bbn_log_loss_after": 0.6960054292618328,
      "bbn_log_loss_delta": 4.376401323426838,
      "bbn_contradiction_before": 0.9459019459459459,
      "bbn_contradiction_after": 0.09228311667765329,
      "bbn_contradiction_lift": 0.8536188292682926,
      "evidence_value_gate_passed": true
    }
  ],
  "strategies_skipped": [],
  "temper": 0.5,
  "prior_strength": 4.0,
  "bbn_entropy_reduction": 0.0,
  "bbn_log_loss_delta": 4.376401323426838,
  "bbn_contradiction_lift": 0.8536188292682926,
  "evidence_value_gate_passed": true
}