timerange_label,timerange,sharpe,sortino,calmar,total_profit_pct,max_drawdown_pct,trade_count,win_rate_pct,profit_factor
bull_2021,20210101-20211231,0.8496235009059655,0.894427055271684,24.986755507778913,24.87,-5.728319143285115,50,70.0,2.1391788313104954
winter_2022,20220101-20221231,0.08468167401312071,0.09085298901536831,1.225272427313818,2.99,-12.806958726400008,32,68.75,1.1431867635889241
recovery_23_25,20230101-20251231,0.19199602146798866,0.21858229139998064,2.668444167031164,17.29,-11.308220313865784,123,66.66666666666666,1.2675442981736165
full_5y,20210101-20251231,0.29030585729503583,0.31481518684206494,5.247333163194871,55.69,-11.308628954537363,207,68.59903381642512,1.4160985610749157
