variant_id,timerange_label,timerange,trade_count,win_rate,total_profit_pct,profit_factor,sharpe,max_drawdown_pct,extracted_trade_rows
baseline,bull_2021,20210101-20211231,1048,0.5028625954198473,-40.73988172669999,0.8103682360935343,-3.777049694089197,-50.40451088372271,1048
baseline,winter_2022,20220101-20221231,1349,0.458117123795404,-69.22170564100001,0.5688356449713338,-12.360881757412885,-69.48387712273336,1349
baseline,recovery_23_25,20230101-20251231,2796,0.45886981402002863,-65.63467123549998,0.7415521512040856,-4.7696513236299625,-68.33677649088662,2796
baseline,full_5y,20210101-20251231,5198,0.4672951135051943,-93.7817744232,0.7362761189960474,-3.543361946569942,-94.4025811734452,5198
