{
  "aq_results": [
    {
      "compile_exit": 0,
      "feather": "docs/experiments/actionable-regime-confidence/runs/20260512T172214+0800-codex-board-a-provider-window-aware-same-root-aq-v1/workspace/auto-quant-112315-yfinance/user_data/data/BTC_USDT-1h.feather",
      "first_ts_ms": 1715731200000,
      "last_ts_ms": 1778540400000,
      "metrics": {
        "ProviderCryptoMomentumStateV1": {
          "aggregate": {
            "calmar": -2.514106085763784,
            "max_drawdown_pct": -23.565953915811136,
            "profit_factor": 0.6392898888632508,
            "sharpe": -1.529567061788961,
            "sortino": -3.1793190471266564,
            "total_profit_pct": -21.99,
            "trade_count": 319,
            "win_rate_pct": 23.824451410658305
          },
          "per_pair": {
            "BTC/USDT": {
              "calmar": -2.514106085763784,
              "max_drawdown_pct": -23.565953915811136,
              "profit_factor": 0.6392898888632508,
              "sharpe": -1.529567061788961,
              "sortino": -3.1793190471266564,
              "total_profit_pct": -21.99,
              "trade_count": 319,
              "win_rate_pct": 23.824451410658305
            }
          }
        },
        "ProviderCryptoPullbackRevertV1": {
          "aggregate": {
            "calmar": 1.7793947386404727,
            "max_drawdown_pct": -4.291467939207919,
            "profit_factor": 1.1185755311888328,
            "sharpe": 0.18667124001546778,
            "sortino": 0.46109562837939855,
            "total_profit_pct": 2.83,
            "trade_count": 146,
            "win_rate_pct": 45.20547945205479
          },
          "per_pair": {
            "BTC/USDT": {
              "calmar": 1.7793947386404727,
              "max_drawdown_pct": -4.291467939207919,
              "profit_factor": 1.1185755311888328,
              "sharpe": 0.18667124001546778,
              "sortino": 0.46109562837939855,
              "total_profit_pct": 2.83,
              "trade_count": 146,
              "win_rate_pct": 45.20547945205479
            }
          }
        }
      },
      "provider": "yfinance",
      "provider_symbol": "BTC-USD",
      "rows": 17415,
      "run_tomac_exit": 0,
      "source_csv": "docs/experiments/actionable-regime-confidence/runs/20260512T172214+0800-codex-board-a-provider-window-aware-same-root-aq-v1/provider-csv/yfinance_btc_usd_1h.csv",
      "workspace": "docs/experiments/actionable-regime-confidence/runs/20260512T172214+0800-codex-board-a-provider-window-aware-same-root-aq-v1/workspace/auto-quant-112315-yfinance"
    },
    {
      "compile_exit": 0,
      "feather": "docs/experiments/actionable-regime-confidence/runs/20260512T172214+0800-codex-board-a-provider-window-aware-same-root-aq-v1/workspace/auto-quant-112315-kraken_public/user_data/data/BTC_USDT-1h.feather",
      "first_ts_ms": 1771372800000,
      "last_ts_ms": 1778544000000,
      "metrics": {
        "ProviderCryptoMomentumStateV1": {
          "aggregate": {
            "calmar": -17.834607184637115,
            "max_drawdown_pct": -4.71418475030001,
            "profit_factor": 0.7440064020125409,
            "sharpe": -2.303120493540084,
            "sortino": -7.535313006298499,
            "total_profit_pct": -3.48,
            "trade_count": 76,
            "win_rate_pct": 31.57894736842105
          },
          "per_pair": {
            "BTC/USDT": {
              "calmar": -17.834607184637115,
              "max_drawdown_pct": -4.71418475030001,
              "profit_factor": 0.7440064020125409,
              "sharpe": -2.303120493540084,
              "sortino": -7.535313006298499,
              "total_profit_pct": -3.48,
              "trade_count": 76,
              "win_rate_pct": 31.57894736842105
            }
          }
        },
        "ProviderCryptoPullbackRevertV1": {
          "aggregate": {
            "calmar": -24.183510347522553,
            "max_drawdown_pct": -2.246712216699998,
            "profit_factor": 0.611492759978,
            "sharpe": -1.5387890042241286,
            "sortino": -2.8957325975086974,
            "total_profit_pct": -2.25,
            "trade_count": 30,
            "win_rate_pct": 33.33333333333333
          },
          "per_pair": {
            "BTC/USDT": {
              "calmar": -24.183510347522553,
              "max_drawdown_pct": -2.246712216699998,
              "profit_factor": 0.611492759978,
              "sharpe": -1.5387890042241286,
              "sortino": -2.8957325975086974,
              "total_profit_pct": -2.25,
              "trade_count": 30,
              "win_rate_pct": 33.33333333333333
            }
          }
        }
      },
      "provider": "kraken_public",
      "provider_symbol": "XBTUSD",
      "rows": 1993,
      "run_tomac_exit": 0,
      "source_csv": "docs/experiments/actionable-regime-confidence/runs/20260512T172214+0800-codex-board-a-provider-window-aware-same-root-aq-v1/provider-csv/kraken_xbtusd_1h.csv",
      "workspace": "docs/experiments/actionable-regime-confidence/runs/20260512T172214+0800-codex-board-a-provider-window-aware-same-root-aq-v1/workspace/auto-quant-112315-kraken_public"
    },
    {
      "compile_exit": 0,
      "feather": "docs/experiments/actionable-regime-confidence/runs/20260512T172214+0800-codex-board-a-provider-window-aware-same-root-aq-v1/workspace/auto-quant-112315-binance_public/user_data/data/BTC_USDT-1h.feather",
      "first_ts_ms": 1609459200000,
      "last_ts_ms": 1778544000000,
      "metrics": {
        "ProviderCryptoMomentumStateV1": {
          "aggregate": {
            "calmar": -2.6421943844021576,
            "max_drawdown_pct": -44.1427787292021,
            "profit_factor": 0.5637237561972133,
            "sharpe": -3.7953903216129747,
            "sortino": -6.981728160474456,
            "total_profit_pct": -43.34,
            "trade_count": 624,
            "win_rate_pct": 23.076923076923077
          },
          "per_pair": {
            "BTC/USDT": {
              "calmar": -2.6421943844021576,
              "max_drawdown_pct": -44.1427787292021,
              "profit_factor": 0.5637237561972133,
              "sharpe": -3.7953903216129747,
              "sortino": -6.981728160474456,
              "total_profit_pct": -43.34,
              "trade_count": 624,
              "win_rate_pct": 23.076923076923077
            }
          }
        },
        "ProviderCryptoPullbackRevertV1": {
          "aggregate": {
            "calmar": -2.6908412921891256,
            "max_drawdown_pct": -13.253374518700003,
            "profit_factor": 0.7389778890096554,
            "sharpe": -0.9433509054688197,
            "sortino": -2.1600190913843003,
            "total_profit_pct": -13.25,
            "trade_count": 268,
            "win_rate_pct": 38.43283582089552
          },
          "per_pair": {
            "BTC/USDT": {
              "calmar": -2.6908412921891256,
              "max_drawdown_pct": -13.253374518700003,
              "profit_factor": 0.7389778890096554,
              "sharpe": -0.9433509054688197,
              "sortino": -2.1600190913843003,
              "total_profit_pct": -13.25,
              "trade_count": 268,
              "win_rate_pct": 38.43283582089552
            }
          }
        }
      },
      "provider": "binance_public",
      "provider_symbol": "BTCUSDT",
      "rows": 46955,
      "run_tomac_exit": 0,
      "source_csv": "docs/experiments/actionable-regime-confidence/runs/20260512T172214+0800-codex-board-a-provider-window-aware-same-root-aq-v1/provider-csv/binance_btcusdt_1h.csv",
      "workspace": "docs/experiments/actionable-regime-confidence/runs/20260512T172214+0800-codex-board-a-provider-window-aware-same-root-aq-v1/workspace/auto-quant-112315-binance_public"
    },
    {
      "compile_exit": 0,