{
  "aq_results": [
    {
      "compile_exit": 0,
      "feather": "docs/experiments/actionable-regime-confidence/runs/20260512T125715+0800-codex-six-provider-eth-same-root-aq-v1/workspace/auto-quant-112315-yfinance/user_data/data/ETH_USDT-1h.feather",
      "first_ts_ms": 1775001600000,
      "last_ts_ms": 1778540400000,
      "metrics": {
        "ProviderCryptoMomentumStateV1": {
          "aggregate": {
            "calmar": 131.6908753823244,
            "max_drawdown_pct": -1.2811015015415328,
            "profit_factor": 1.9266710378132572,
            "sharpe": 2.778447474091666,
            "sortino": 8.269132703218292,
            "total_profit_pct": 3.27,
            "trade_count": 21,
            "win_rate_pct": 47.61904761904761
          },
          "per_pair": {
            "ETH/USDT": {
              "calmar": 131.6908753823244,
              "max_drawdown_pct": -1.2811015015415328,
              "profit_factor": 1.9266710378132572,
              "sharpe": 2.778447474091666,
              "sortino": 8.269132703218292,
              "total_profit_pct": 3.27,
              "trade_count": 21,
              "win_rate_pct": 47.61904761904761
            }
          }
        },
        "ProviderCryptoPullbackRevertV1": {
          "aggregate": {
            "calmar": -51.63506263389937,
            "max_drawdown_pct": -2.376671296000004,
            "profit_factor": 0.1242874475712799,
            "sharpe": -3.784304851829597,
            "sortino": -5.9273017940203765,
            "total_profit_pct": -2.38,
            "trade_count": 8,
            "win_rate_pct": 25.0
          },
          "per_pair": {
            "ETH/USDT": {
              "calmar": -51.63506263389937,
              "max_drawdown_pct": -2.376671296000004,
              "profit_factor": 0.1242874475712799,
              "sharpe": -3.784304851829597,
              "sortino": -5.9273017940203765,
              "total_profit_pct": -2.38,
              "trade_count": 8,
              "win_rate_pct": 25.0
            }
          }
        }
      },
      "provider": "yfinance",
      "provider_symbol": "ETH-USD",
      "rows": 983,
      "run_tomac_exit": 0,
      "source_csv": "docs/experiments/actionable-regime-confidence/runs/20260512T125715+0800-codex-six-provider-eth-same-root-aq-v1/provider-csv/yfinance_eth_usd_1h.csv",
      "workspace": "docs/experiments/actionable-regime-confidence/runs/20260512T125715+0800-codex-six-provider-eth-same-root-aq-v1/workspace/auto-quant-112315-yfinance"
    },
    {
      "compile_exit": 0,
      "feather": "docs/experiments/actionable-regime-confidence/runs/20260512T125715+0800-codex-six-provider-eth-same-root-aq-v1/workspace/auto-quant-112315-kraken_public/user_data/data/ETH_USDT-1h.feather",
      "first_ts_ms": 1775970000000,
      "last_ts_ms": 1778562000000,
      "metrics": {
        "ProviderCryptoMomentumStateV1": {
          "aggregate": {
            "calmar": 25.098263337953238,
            "max_drawdown_pct": -0.9189178804527118,
            "profit_factor": 1.0986393316703826,
            "sharpe": 0.5593725027192263,
            "sortino": 1.6412064928153154,
            "total_profit_pct": 0.31,
            "trade_count": 20,
            "win_rate_pct": 35.0
          },
          "per_pair": {
            "ETH/USDT": {
              "calmar": 25.098263337953238,
              "max_drawdown_pct": -0.9189178804527118,
              "profit_factor": 1.0986393316703826,
              "sharpe": 0.5593725027192263,
              "sortino": 1.6412064928153154,
              "total_profit_pct": 0.31,
              "trade_count": 20,
              "win_rate_pct": 35.0
            }
          }
        },
        "ProviderCryptoPullbackRevertV1": {
          "aggregate": {
            "calmar": -60.91761406374082,
            "max_drawdown_pct": -3.042111238673604,
            "profit_factor": 0.2889546244656568,
            "sharpe": -5.997652729406005,
            "sortino": -12.40616053967693,
            "total_profit_pct": -2.52,
            "trade_count": 14,
            "win_rate_pct": 28.57142857142857
          },
          "per_pair": {
            "ETH/USDT": {
              "calmar": -60.91761406374082,
              "max_drawdown_pct": -3.042111238673604,
              "profit_factor": 0.2889546244656568,
              "sharpe": -5.997652729406005,
              "sortino": -12.40616053967693,
              "total_profit_pct": -2.52,
              "trade_count": 14,
              "win_rate_pct": 28.57142857142857
            }
          }
        }
      },
      "provider": "kraken_public",
      "provider_symbol": "ETHUSD",
      "rows": 721,
      "run_tomac_exit": 0,
      "source_csv": "docs/experiments/actionable-regime-confidence/runs/20260512T125715+0800-codex-six-provider-eth-same-root-aq-v1/provider-csv/kraken_ethusd_1h.csv",
      "workspace": "docs/experiments/actionable-regime-confidence/runs/20260512T125715+0800-codex-six-provider-eth-same-root-aq-v1/workspace/auto-quant-112315-kraken_public"
    },
    {
      "compile_exit": 0,
      "feather": "docs/experiments/actionable-regime-confidence/runs/20260512T125715+0800-codex-six-provider-eth-same-root-aq-v1/workspace/auto-quant-112315-binance_public/user_data/data/ETH_USDT-1h.feather",
      "first_ts_ms": 1775001600000,
      "last_ts_ms": 1778544000000,
      "metrics": {
        "ProviderCryptoMomentumStateV1": {
          "aggregate": {
            "calmar": 58.250371895216055,
            "max_drawdown_pct": -1.4198681113411187,
            "profit_factor": 1.2727521145789806,
            "sharpe": 1.602132735541575,
            "sortino": 4.942029828090926,
            "total_profit_pct": 1.6,
            "trade_count": 34,
            "win_rate_pct": 32.35294117647059
          },
          "per_pair": {
            "ETH/USDT": {
              "calmar": 58.250371895216055,
              "max_drawdown_pct": -1.4198681113411187,
              "profit_factor": 1.2727521145789806,
              "sharpe": 1.602132735541575,
              "sortino": 4.942029828090926,
              "total_profit_pct": 1.6,
              "trade_count": 34,
              "win_rate_pct": 32.35294117647059
            }
          }
        },
        "ProviderCryptoPullbackRevertV1": {
          "aggregate": {
            "calmar": -40.46108190919781,
            "max_drawdown_pct": -4.352359332668259,
            "profit_factor": 0.3438922381605806,
            "sharpe": -4.90788934576029,
            "sortino": -9.795847615556253,
            "total_profit_pct": -3.41,
            "trade_count": 20,
            "win_rate_pct": 25.0
          },
          "per_pair": {
            "ETH/USDT": {
              "calmar": -40.46108190919781,
              "max_drawdown_pct": -4.352359332668259,
              "profit_factor": 0.3438922381605806,
              "sharpe": -4.90788934576029,
              "sortino": -9.795847615556253,
              "total_profit_pct": -3.41,
              "trade_count": 20,
              "win_rate_pct": 25.0
            }
          }
        }
      },
      "provider": "binance_public",
      "provider_symbol": "ETHUSDT",
      "rows": 985,
      "run_tomac_exit": 0,
      "source_csv": "docs/experiments/actionable-regime-confidence/runs/20260512T125715+0800-codex-six-provider-eth-same-root-aq-v1/provider-csv/binance_ethusdt_1h.csv",
      "workspace": "docs/experiments/actionable-regime-confidence/runs/20260512T125715+0800-codex-six-provider-eth-same-root-aq-v1/workspace/auto-quant-112315-binance_public"
    },
    {
      "compile_exit": 0,
      "feather": "docs/experiments/actionable-regime-confidence/runs/20260512T125715+0800-codex-six-provider-eth-same-root-aq-v1/workspace/auto-quant-112315-bybit_public/user_data/data/ETH_USDT-1h.feather",
      "first_ts_ms": 1775001600000,
      "last_ts_ms": 1778544000000,
      "metrics": {
        "ProviderCryptoMomentumStateV1": {
          "aggregate": {
            "calmar": 58.28165395155828,