{
  "parent_config": [
    0,
    0,
    0
  ],
  "initial_probs": [
    0.999956,
    0.000022,
    0.000022
  ],
  "final_probs": [
    0.6149046459627329,
    1.093167701863354e-6,
    0.3850942608695652
  ],
  "strategies_applied": [
    {
      "strategy_name": "TomacNQ_KillzoneBreakout",
      "mutation_id": "long_history_es_nq_1m_smoke_v1",
      "trade_count": 153,
      "n_win": 91,
      "n_loss": 62,
      "n_breakeven": 0,
      "temper": 0.5,
      "before_probs": [
        0.999956,
        0.000022,
        0.000022
      ],
      "after_probs": [
        0.6149046459627329,
        1.093167701863354e-6,
        0.3850942608695652
      ],
      "diff": [
        -0.3850513540372671,
        -0.000020906832298136646,
        0.3850722608695652
      ],
      "bbn_entropy_before": 0.0005158756285885085,
      "bbn_entropy_after": 0.6665185984889033,
      "bbn_entropy_reduction": 0.0,
      "bbn_log_loss_before": 4.345889062572941,
      "bbn_log_loss_after": 0.6759266481304579,
      "bbn_log_loss_delta": 3.6699624144424834,
      "bbn_contradiction_before": 0.8104135163398692,
      "bbn_contradiction_after": 0.040268994600738794,
      "bbn_contradiction_lift": 0.7701445217391305,
      "evidence_value_gate_passed": true
    }
  ],
  "strategies_skipped": [],
  "temper": 0.5,
  "prior_strength": 4.0,
  "bbn_entropy_reduction": 0.0,
  "bbn_log_loss_delta": 3.6699624144424834,
  "bbn_contradiction_lift": 0.7701445217391305,
  "evidence_value_gate_passed": true
}