regime_label,label_name,mapped_regime,rows,share
0,STRONG_SELL,Bear,356398,0.04954103393996883
1,WEAK_SELL,Bear,1079366,0.15003705868059977
2,BEAR_TRAP_ABSTAIN,ABSTAIN_TRAP,1080804,0.15023694758796086
3,FLAT_NOISE,Sideways,2162084,0.3005400614623639
4,BULL_TRAP_ABSTAIN,ABSTAIN_TRAP,1080289,0.1501653601141841
5,WEAK_BUY,Bull,1078955,0.14997992770638183
6,STRONG_BUY,Bull,356100,0.04949961050854073
