horizon_hours,positive_rows,control_rows,positive_mean_return,control_mean_return,edge_vs_control,edge_lcb_5pct,monthly_folds,fold_positive_rate_vs_control,horizon_gate
1,24,72,0.024709432835131547,0.042471708511348974,-0.017762275676217427,-0.04017963947924042,17,0.0,blocked:insufficient_positive_rows
3,24,72,0.022023890756770245,0.036488534454278194,-0.01446464369750795,-0.04691316754677987,17,0.058823529411764705,blocked:insufficient_positive_rows
6,24,72,-0.005072643272390283,0.006960826352454777,-0.01203346962484506,-0.033142397067490025,17,0.058823529411764705,blocked:insufficient_positive_rows
12,24,72,-0.025281765122895206,-0.010767720241304147,-0.014514044881591059,-0.03814500778571559,17,0.0,blocked:insufficient_positive_rows
24,24,72,-0.032073201677434375,-0.01821200406281674,-0.013861197614617637,-0.05056861329555301,17,0.058823529411764705,blocked:insufficient_positive_rows
