feature,importance
regime_confidence,0.5732888024
volatility,0.2725015673
regime_conf_x_volatility,0.035404137
vix_x_volatility,0.0209570429
2y_treasury,0.0196032846
p_stress_smooth,0.0132625486
yield_curve_10y_2y,0.0131980871
cpi,0.0112125576
vix,0.0092014756
unemployment_rate,0.0077886062
p_calm_smooth,0.0072444571
returns,0.0070938474
fed_funds_rate,0.0050243377
close,0.0026137882
p_fragile_smooth,0.0009005734
10y_treasury,0.0004757033
nifty_fragile_minus_calm,0.0002291836
