rule,accepted_95,split,wilson95_lcb,precision,support,coverage,ece
nb_score >= 9.11666,False,train,0.8967179972238122,0.9021406727828746,12099,0.10001074584425139,0.0
nb_score >= 9.11666,False,calibration,0.901874602752493,0.9097552064303982,5474,0.09049728871842348,0.0
nb_score >= 9.11666,False,test,0.8815158066569652,0.8924924924924925,3330,0.055051331647076325,0.017262713937905683
