timerange_label,timerange,trade_count,win_rate,total_profit_pct,profit_factor,sharpe,max_drawdown_pct,extracted_trade_rows
bull_2021,20210101-20211231,106,0.660377358490566,25.355920584899994,1.8913469951392874,1.4887983603121377,-5.154961649514906,106
winter_2022,20220101-20221231,44,0.5681818181818182,0.8381795484999989,1.0630829868310279,0.05204598466813844,-4.298929100981855,44
recovery_23_25,20230101-20251231,375,0.5626666666666666,9.390500718900002,1.085236276026233,0.18397657734952175,-14.545207840880007,375
full_5y,20210101-20251231,519,0.581888246628131,35.7827690913,1.1981283996428946,0.3512296799072033,-14.54539299525566,519
