{
  "parent_config": [
    0,
    0,
    0
  ],
  "initial_probs": [
    0.3195589054178145,
    1.616161616161616e-7,
    0.6804409329660239
  ],
  "final_probs": [
    0.31456057965412537,
    1.187262895251876e-9,
    0.6854394191586117
  ],
  "strategies_applied": [
    {
      "strategy_name": "TomacNQ_ScratchNoRSINoConflict15m",
      "mutation_id": "board-a-v2-2-nq-binding-repair",
      "trade_count": 1081,
      "n_win": 340,
      "n_loss": 741,
      "n_breakeven": 0,
      "temper": 0.5,
      "before_probs": [
        0.3195589054178145,
        1.616161616161616e-7,
        0.6804409329660239
      ],
      "after_probs": [
        0.31456057965412537,
        1.187262895251876e-9,
        0.6854394191586117
      ],
      "diff": [
        -0.004998325763689138,
        -1.6042889872090973e-7,
        0.004998486192587803
      ],
      "bbn_entropy_before": 0.6265391524882603,
      "bbn_entropy_after": 0.6227012091090848,
      "bbn_entropy_reduction": 0.0038379433791755346,
      "bbn_log_loss_before": 0.6227309984561049,
      "bbn_log_loss_after": 0.6226723739590502,
      "bbn_log_loss_delta": 0.00005862449705473782,
      "bbn_contradiction_before": 0.010070955529561772,
      "bbn_contradiction_after": 0.00007398314438611001,
      "bbn_contradiction_lift": 0.009996972385175662,
      "evidence_value_gate_passed": true
    }
  ],
  "strategies_skipped": [],
  "temper": 0.5,
  "prior_strength": 4.0,
  "bbn_entropy_reduction": 0.0038379433791755346,
  "bbn_log_loss_delta": 0.00005862449705473782,
  "bbn_contradiction_lift": 0.009996972385175662,
  "evidence_value_gate_passed": true
}