{
  "parent_config": [
    0,
    0,
    0
  ],
  "initial_probs": [
    0.999956,
    0.000022,
    0.000022
  ],
  "final_probs": [
    0.3451489253731343,
    1.6417910447761193e-7,
    0.6548509104477612
  ],
  "strategies_applied": [
    {
      "strategy_name": "RootAwareMultiBranchV1",
      "mutation_id": "board-b-rootaware-multibranch-rc-spa-v1",
      "trade_count": 1064,
      "n_win": 362,
      "n_loss": 702,
      "n_breakeven": 0,
      "temper": 0.5,
      "before_probs": [
        0.999956,
        0.000022,
        0.000022
      ],
      "after_probs": [
        0.3451489253731343,
        1.6417910447761193e-7,
        0.6548509104477612
      ],
      "diff": [
        -0.6548070746268657,
        -0.00002183582089552239,
        0.6548289104477613
      ],
      "bbn_entropy_before": 0.0005158756285885085,
      "bbn_entropy_after": 0.6443944609152483,
      "bbn_entropy_reduction": 0.0,
      "bbn_log_loss_before": 7.075744866338166,
      "bbn_log_loss_after": 0.6412388893019896,
      "bbn_log_loss_delta": 6.434505977036176,
      "bbn_contradiction_before": 1.3195048721804512,
      "bbn_contradiction_after": 0.009847051284928687,
      "bbn_contradiction_lift": 1.3096578208955225,
      "evidence_value_gate_passed": true
    }
  ],
  "strategies_skipped": [],
  "temper": 0.5,
  "prior_strength": 4.0,
  "bbn_entropy_reduction": 0.0,
  "bbn_log_loss_delta": 6.434505977036176,
  "bbn_contradiction_lift": 1.3096578208955225,
  "evidence_value_gate_passed": true
}