{
  "active_axis": "MainRegimeV2",
  "best_rules": [
    {
      "calibration": {
        "positives": 200,
        "precision": 0.9216589861751152,
        "support": 217,
        "wilson95_lcb": 0.8781338511426455
      },
      "feature": "sellerFee_amount",
      "min_support": 217,
      "min_wilson95_lcb": 0.8781338511426455,
      "op": ">=",
      "test": {
        "positives": 2338,
        "precision": 0.9953171562366965,
        "support": 2349,
        "wilson95_lcb": 0.9916337713491278
      },
      "threshold": 1.76300712182e+20,
      "train": {
        "positives": 12022,
        "precision": 0.9989198171998338,
        "support": 12035,
        "wilson95_lcb": 0.9981526319686317
      }
    },
    {
      "calibration": {
        "positives": 1293,
        "precision": 0.7215401785714286,
        "support": 1792,
        "wilson95_lcb": 0.7003296130473672
      },
      "feature": "buyer_7d_trade_count",
      "min_support": 1507,
      "min_wilson95_lcb": 0.7003296130473672,
      "op": ">=",
      "test": {
        "positives": 1137,
        "precision": 0.7544790975447909,
        "support": 1507,
        "wilson95_lcb": 0.7321200806526125
      },
      "threshold": 5362.0,
      "train": {
        "positives": 3594,
        "precision": 0.7357215967246673,
        "support": 4885,
        "wilson95_lcb": 0.723174583226834
      }
    },
    {
      "calibration": {
        "positives": 2992,
        "precision": 0.7103513770180437,
        "support": 4212,
        "wilson95_lcb": 0.6964660043400165
      },
      "feature": "buyer_7d_trade_count",
      "min_support": 4212,
      "min_wilson95_lcb": 0.6964660043400165,
      "op": ">=",
      "test": {
        "positives": 3111,
        "precision": 0.7311398354876616,
        "support": 4255,
        "wilson95_lcb": 0.7176139608061955
      },
      "threshold": 3937.0,
      "train": {
        "positives": 8679,
        "precision": 0.710927260812582,
        "support": 12208,
        "wilson95_lcb": 0.7028203098692216
      }
    },
    {
      "calibration": {
        "positives": 837,
        "precision": 0.7361477572559367,
        "support": 1137,
        "wilson95_lcb": 0.7097662573026156
      },
      "feature": "buyer_7d_trade_count",
      "min_support": 910,
      "min_wilson95_lcb": 0.6950787887174084,
      "op": ">=",
      "test": {
        "positives": 699,
        "precision": 0.7681318681318682,
        "support": 910,
        "wilson95_lcb": 0.7396193291612132
      },
      "threshold": 5778.0,
      "train": {
        "positives": 1730,
        "precision": 0.7134020618556701,
        "support": 2425,
        "wilson95_lcb": 0.6950787887174084
      }
    },
    {
      "calibration": {
        "positives": 568,
        "precision": 0.7135678391959799,
        "support": 796,
        "wilson95_lcb": 0.6811943062881067
      },
      "feature": "buyer_24h_trade_count",
      "min_support": 796,
      "min_wilson95_lcb": 0.6811943062881067,
      "op": ">=",
      "test": {
        "positives": 628,
        "precision": 0.7251732101616628,
        "support": 866,
        "wilson95_lcb": 0.694494792876163
      },
      "threshold": 987.0,
      "train": {
        "positives": 2040,
        "precision": 0.7132867132867133,
        "support": 2860,
        "wilson95_lcb": 0.6964355062937413
      }
    },
    {
      "calibration": {
        "positives": 2769,
        "precision": 0.693116395494368,
        "support": 3995,
        "wilson95_lcb": 0.6786351113675185
      },
      "feature": "buyer_24h_trade_count",
      "min_support": 3995,
      "min_wilson95_lcb": 0.6786351113675185,
      "op": ">=",
      "test": {
        "positives": 3272,
        "precision": 0.7295429208472687,
        "support": 4485,
        "wilson95_lcb": 0.7163506181371767
      },
      "threshold": 659.0,
      "train": {
        "positives": 8596,
        "precision": 0.6986913760871332,
        "support": 12303,
        "wilson95_lcb": 0.6905228083132698
      }
    },
    {
      "calibration": {
        "positives": 5417,
        "precision": 0.6852624920936117,
        "support": 7905,
        "wilson95_lcb": 0.674936957247865
      },
      "feature": "buyer_7d_trade_count",
      "min_support": 7905,
      "min_wilson95_lcb": 0.674936957247865,
      "op": ">=",
      "test": {
        "positives": 5674,
        "precision": 0.6918668455066456,
        "support": 8201,
        "wilson95_lcb": 0.6817859670639924
      },
      "threshold": 3122.0,
      "train": {
        "positives": 17103,
        "precision": 0.7006267666216051,
        "support": 24411,
        "wilson95_lcb": 0.6948503650424035
      }
    },
    {
      "calibration": {
        "positives": 963,
        "precision": 0.7251506024096386,
        "support": 1328,
        "wilson95_lcb": 0.7005160384419833
      },
      "feature": "buyer_24h_trade_count",
      "min_support": 1142,
      "min_wilson95_lcb": 0.6715349057349588,
      "op": ">=",
      "test": {
        "positives": 798,
        "precision": 0.6987740805604203,
        "support": 1142,
        "wilson95_lcb": 0.6715349057349588
      },
      "threshold": 893.0,
      "train": {
        "positives": 3438,
        "precision": 0.7065351418002466,
        "support": 4866,
        "wilson95_lcb": 0.6935822124020031
      }
    },
    {
      "calibration": {
        "positives": 5660,
        "precision": 0.6802884615384616,
        "support": 8320,
        "wilson95_lcb": 0.6701862006520478
      },
      "feature": "buyer_24h_trade_count",
      "min_support": 8320,
      "min_wilson95_lcb": 0.6701862006520478,
      "op": ">=",
      "test": {
        "positives": 5879,
        "precision": 0.6963989575929874,
        "support": 8442,
        "wilson95_lcb": 0.6865028734552628
      },
      "threshold": 436.0,
      "train": {
        "positives": 16858,
        "precision": 0.6977360208600637,
        "support": 24161,
        "wilson95_lcb": 0.6919142840467167
      }
    },
    {
      "calibration": {
        "positives": 4848,
        "precision": 0.6808032579693863,
        "support": 7121,
        "wilson95_lcb": 0.6698810187993204
      },
      "feature": "buyer_24h_trade_count",
      "min_support": 7121,
      "min_wilson95_lcb": 0.6698810187993204,
      "op": ">=",
      "test": {
        "positives": 5118,
        "precision": 0.7116240266963293,
        "support": 7192,
        "wilson95_lcb": 0.7010436858707241
      },
      "threshold": 500.0,
      "train": {
        "positives": 14840,
        "precision": 0.6987475280158207,
        "support": 21238,
        "wilson95_lcb": 0.6925415904667823
      }
    },
    {
      "calibration": {
        "positives": 10591,
        "precision": 0.6267976563887081,
        "support": 16897,
        "wilson95_lcb": 0.6194770623389246
      },
      "feature": "buyer_24h_trade_count",
      "min_support": 16882,
      "min_wilson95_lcb": 0.6194770623389246,
      "op": ">=",
      "test": {
        "positives": 10788,
        "precision": 0.6390238123445089,
        "support": 16882,
        "wilson95_lcb": 0.6317480143217324
      },
      "threshold": 200.0,
      "train": {
        "positives": 30350,
        "precision": 0.6568979697848578,
        "support": 46202,
        "wilson95_lcb": 0.6525561783983517
      }
    },
    {
      "calibration": {
        "positives": 11150,
        "precision": 0.617865454948465,
        "support": 18046,
        "wilson95_lcb": 0.6107516273874075
      },
      "feature": "buyer_7d_trade_count",
      "min_support": 18046,
      "min_wilson95_lcb": 0.6107516273874075,
      "op": ">=",
      "test": {
        "positives": 11366,
        "precision": 0.627678374199249,
        "support": 18108,
        "wilson95_lcb": 0.6206108879053619
      },
      "threshold": 1000.0,
      "train": {
        "positives": 30916,
        "precision": 0.6436274305700129,
        "support": 48034,