mapped_regime,rows,share
ABSTAIN_TRAP,2161093,0.30040230770214493
Bear,1435764,0.1995780926205686
Bull,1435055,0.19947953821492256
Sideways,2162084,0.3005400614623639
