timerange_label,timerange,trade_count,win_rate,total_profit_pct,profit_factor,sharpe,max_drawdown_pct,extracted_trade_rows
bull_2021,20210101-20211231,50,0.7,24.873031777599998,2.1391788313104954,0.8496235009059655,-5.728319143285115,50
winter_2022,20220101-20221231,32,0.6875,2.9897413763999987,1.1431867635889241,0.08468167401312071,-12.806958726400008,32
recovery_23_25,20230101-20251231,123,0.6666666666666666,17.294980168300004,1.2675442981736165,0.19199602146798866,-11.308220313865784,123
full_5y,20210101-20251231,207,0.6859903381642513,55.690671093800006,1.4160985610749157,0.29030585729503583,-11.308628954537363,207
