fold_label,timerange,parent_regime_root,regime_profit_branch_path,branch_path_valid,independent_test_fold,trades,win_rate,cost_stressed_mean_return,cost_stressed_sum_return,bootstrap_edge_lcb_5pct,profit_factor,tail_loss_p95,sharpe_proxy,freqtrade_sharpe,freqtrade_profit_pct,freqtrade_max_drawdown_pct
bull_2021,20210101-20211231,Bull,Bull -> TrendExpansion -> MomentumPersistenceDrawdownRebound -> CrashRebound,True,True,50,0.7,0.014618460353252715,0.7309230176626359,0.0007047931586398376,1.9301272816092407,0.08378750183826326,1.8008697140863572,0.8496235009059655,24.87,-5.728319143285115
winter_2022,20220101-20221231,Bear,Bear -> BearMarketDrawdown -> MeanReversionAfterCapitulation -> CrashRebound,True,True,32,0.6875,0.0013009001178991792,0.041628803772773816,0.001300900117899178,1.0489214842199823,0.1222278502461541,0.10649193747603242,0.08468167401312071,2.99,-12.806958726400008
recovery_23_25,20230101-20251231,UnacceptedRecoveryContext,UnacceptedRecoveryContext -> Recovery -> DrawdownReboundWithoutAcceptedRoot -> CrashRebound,False,True,123,0.6504065040650406,0.0031944834771766403,0.3929214676927266,-0.004552247733416725,1.1707009237816017,0.09790091726455362,0.6684949022948719,0.19199602146798866,17.29,-11.308220313865784
full_5y,20210101-20251231,OverlappingMixedRoot,OverlappingMixedRoot -> Bull -> AggregateNotAtomicBranch -> CrashRebound,False,False,207,0.6763285024154589,0.006264067481831941,1.2966619687392111,-0.00023702719506402624,1.3315997341382533,0.10361597380100118,1.5850442866769856,0.29030585729503583,55.69,-11.308628954537363
