{
  "parent_config": [
    0,
    0,
    0
  ],
  "initial_probs": [
    0.2879685881769064,
    1.4879524770620246e-11,
    0.712031411808214
  ],
  "final_probs": [
    0.2879681066298914,
    1.0063648063613704e-17,
    0.7120318933701085
  ],
  "strategies_applied": [
    {
      "strategy_name": "yfinance:ProviderCryptoMomentumStateV1",
      "mutation_id": "yfinance:ProviderCryptoMomentumStateV1",
      "trade_count": 13,
      "n_win": 7,
      "n_loss": 6,
      "n_breakeven": 0,
      "temper": 0.5,
      "before_probs": [
        0.2879685881769064,
        1.4879524770620246e-11,
        0.712031411808214
      ],
      "after_probs": [
        0.44303565263882155,
        5.668390388807713e-12,
        0.5569643473555101
      ],
      "diff": [
        0.15506706446191515,
        -9.211134381812533e-12,
        -0.1550670644527039
      ],
      "bbn_entropy_before": 0.600322754363829,
      "bbn_entropy_after": 0.6866431940788835,
      "bbn_entropy_reduction": 0.0,
      "bbn_log_loss_before": 0.8270866631065092,
      "bbn_log_loss_after": 0.7084815016844057,
      "bbn_log_loss_delta": 0.11860516142210353,
      "bbn_contradiction_before": 0.5009859005692641,
      "bbn_contradiction_after": 0.19085177164543388,
      "bbn_contradiction_lift": 0.3101341289238302,
      "evidence_value_gate_passed": true
    },
    {
      "strategy_name": "yfinance:ProviderCryptoPullbackRevertV1",
      "mutation_id": "yfinance:ProviderCryptoPullbackRevertV1",
      "trade_count": 8,
      "n_win": 3,
      "n_loss": 5,
      "n_breakeven": 0,
      "temper": 0.5,
      "before_probs": [
        0.44303565263882155,
        5.668390388807713e-12,
        0.5569643473555101
      ],
      "after_probs": [
        0.40901782631941075,
        2.8341951944038564e-12,
        0.5909821736777551
      ],
      "diff": [
        -0.034017826319410804,
        -2.8341951944038564e-12,
        0.034017826322244926
      ],
      "bbn_entropy_before": 0.6866431940788835,
      "bbn_entropy_after": 0.6764990751765341,
      "bbn_entropy_reduction": 0.010144118902349453,
      "bbn_log_loss_before": 0.6710731679679235,
      "bbn_log_loss_after": 0.6639795926665102,
      "bbn_log_loss_delta": 0.007093575301413302,
      "bbn_contradiction_before": 0.13607130528897982,
      "bbn_contradiction_after": 0.06803565264448988,
      "bbn_contradiction_lift": 0.06803565264448994,
      "evidence_value_gate_passed": true
    },
    {
      "strategy_name": "kraken_public:ProviderCryptoMomentumStateV1",
      "mutation_id": "kraken_public:ProviderCryptoMomentumStateV1",
      "trade_count": 23,
      "n_win": 8,
      "n_loss": 15,
      "n_breakeven": 0,
      "temper": 0.5,
      "before_probs": [
        0.40901782631941075,
        2.8341951944038564e-12,
        0.5909821736777551
      ],
      "after_probs": [
        0.3636175035662995,
        7.314052114590597e-13,
        0.6363824964329691
      ],
      "diff": [
        -0.04540032275311123,
        -2.102789982944797e-12,
        0.045400322755213995
      ],
      "bbn_entropy_before": 0.6764990751765341,
      "bbn_entropy_after": 0.6554712187606858,
      "bbn_entropy_reduction": 0.021027856415848256,
      "bbn_log_loss_before": 0.653978855880006,
      "bbn_log_loss_after": 0.6466328056385202,
      "bbn_log_loss_delta": 0.007346050241485824,
      "bbn_contradiction_before": 0.12238347873144642,
      "bbn_contradiction_after": 0.03158283322101839,
      "bbn_contradiction_lift": 0.09080064551042803,
      "evidence_value_gate_passed": true
    },
    {
      "strategy_name": "kraken_public:ProviderCryptoPullbackRevertV1",
      "mutation_id": "kraken_public:ProviderCryptoPullbackRevertV1",
      "trade_count": 9,
      "n_win": 2,
      "n_loss": 7,
      "n_breakeven": 0,
      "temper": 0.5,
      "before_probs": [
        0.3636175035662995,
        7.314052114590597e-13,
        0.6363824964329691
      ],
      "after_probs": [
        0.28876117814884683,
        3.4419068774543986e-13,
        0.711238821850809
      ],
      "diff": [
        -0.07485632541745268,
        -3.8721452371361985e-13,
        0.07485632541783993
      ],
      "bbn_entropy_before": 0.6554712187606858,
      "bbn_entropy_after": 0.6010387313728132,
      "bbn_entropy_reduction": 0.05443248738787265,
      "bbn_log_loss_before": 0.5763326627717075,
      "bbn_log_loss_after": 0.5410599644953389,
      "bbn_log_loss_delta": 0.035272698276368586,
      "bbn_contradiction_before": 0.28279056268961744,
      "bbn_contradiction_after": 0.1330779118539376,
      "bbn_contradiction_lift": 0.14971265083567983,
      "evidence_value_gate_passed": true
    },
    {
      "strategy_name": "binance_public:ProviderCryptoMomentumStateV1",
      "mutation_id": "binance_public:ProviderCryptoMomentumStateV1",
      "trade_count": 37,
      "n_win": 14,
      "n_loss": 23,
      "n_breakeven": 0,
      "temper": 0.5,
      "before_probs": [
        0.28876117814884683,
        3.4419068774543986e-13,
        0.711238821850809
      ],
      "after_probs": [
        0.3624464316709061,
        6.11894555991893e-14,
        0.6375535683290328
      ],
      "diff": [
        0.07368525352205929,
        -2.8300123214625056e-13,
        -0.07368525352177624
      ],
      "bbn_entropy_before": 0.6010387313728132,
      "bbn_entropy_after": 0.6548128083168723,
      "bbn_entropy_reduction": 0.0,
      "bbn_log_loss_before": 0.6818204190984559,
      "bbn_log_loss_after": 0.663810560245017,
      "bbn_log_loss_delta": 0.018009858853438976,
      "bbn_contradiction_before": 0.17923440045906316,
      "bbn_contradiction_after": 0.031863893414944625,
      "bbn_contradiction_lift": 0.14737050704411853,
      "evidence_value_gate_passed": true
    },
    {
      "strategy_name": "binance_public:ProviderCryptoPullbackRevertV1",
      "mutation_id": "binance_public:ProviderCryptoPullbackRevertV1",
      "trade_count": 15,
      "n_win": 4,
      "n_loss": 11,
      "n_breakeven": 0,
      "temper": 0.5,
      "before_probs": [
        0.3624464316709061,
        6.11894555991893e-14,
        0.6375535683290328
      ],
      "after_probs": [
        0.2999813675377065,
        2.1283288904065846e-14,
        0.7000186324622723
      ],
      "diff": [
        -0.06246506413319963,
        -3.9906166695123454e-14,
        0.06246506413323949
      ],
      "bbn_entropy_before": 0.6548128083168723,
      "bbn_entropy_after": 0.6108485139835403,
      "bbn_entropy_reduction": 0.04396429433333193,
      "bbn_log_loss_before": 0.6007200736829532,
      "bbn_log_loss_after": 0.5826180832824382,
      "bbn_log_loss_delta": 0.018101990400514967,
      "bbn_contradiction_before": 0.19155953000860115,
      "bbn_contradiction_after": 0.06662940174212215,
      "bbn_contradiction_lift": 0.124930128266479,
      "evidence_value_gate_passed": true
    },
    {
      "strategy_name": "bybit_public:ProviderCryptoMomentumStateV1",
      "mutation_id": "bybit_public:ProviderCryptoMomentumStateV1",
      "trade_count": 34,
      "n_win": 14,
      "n_loss": 20,
      "n_breakeven": 0,
      "temper": 0.5,
      "before_probs": [
        0.2999813675377065,
        2.1283288904065846e-14,
        0.7000186324622723
      ],
      "after_probs": [
        0.3904726414357536,
        4.053959791250637e-15,
        0.6095273585642423
      ],
      "diff": [
        0.09049127389804712,
        -1.7229329112815207e-14,
        -0.09049127389802991
      ],
      "bbn_entropy_before": 0.6108485139835403,
      "bbn_entropy_after": 0.6689590357053877,
      "bbn_entropy_reduction": 0.0,
      "bbn_log_loss_before": 0.7055722156549392,
      "bbn_log_loss_after": 0.6784409440710031,
      "bbn_log_loss_delta": 0.027131271583936134,
      "bbn_contradiction_before": 0.2235666766892929,
      "bbn_contradiction_after": 0.042584128893198625,
      "bbn_contradiction_lift": 0.18098254779609427,