root,split,rule,support,true_positive,false_positive,precision,wilson95_lcb
Bull,train,spy_ret_60d <= -0.137051311203,61,28,33,0.459016393443,0.340129322939
Bull,calibration,spy_ret_60d <= -0.137051311203,0,0,0,0.000000000000,0.000000000000
Bull,test,spy_ret_60d <= -0.137051311203,4,0,4,0.000000000000,0.000000000000
Bear,train,tlt_ret_20d <= -0.0332470331193,243,46,197,0.189300411523,0.145026764971
Bear,calibration,tlt_ret_20d <= -0.0332470331193,97,3,94,0.030927835052,0.010573344949
Bear,test,tlt_ret_20d <= -0.0332470331193,58,0,58,0.000000000000,0.000000000000
Sideways,train,pct_above_200d >= 0.917695473251,64,26,38,0.406250000000,0.294569092497
Sideways,calibration,pct_above_200d >= 0.917695473251,0,0,0,0.000000000000,0.000000000000
Sideways,test,pct_above_200d >= 0.917695473251,0,0,0,0.000000000000,0.000000000000
