{
  "schema_version": "factor-payoff-shape/v1",
  "candidate_id": "RootAwareMultiBranchV1",
  "trade_count": 1064,
  "nb_trials": 30,
  "gross_return_R": 12.260742391256345,
  "cost_total_R": 2.1279999999999872,
  "net_return_R": 10.13274239125631,
  "hit_rate": 0.34022556390977443,
  "avg_win": 0.07119249146655626,
  "avg_loss": -0.022277691623414572,
  "win_loss_ratio": 3.195685292264781,
  "avg_rr": 3.195685292264781,
  "profit_factor": 1.6479174868943718,
  "sharpe": 1.904282897604244,
  "sortino": 7.852053563312562,
  "calmar": 12.565100138145288,
  "oos_sharpe_lcb": 1.8441952423347174,
  "psr": 0.9999988549924317,
  "dsr": 0.8246115657449011,
  "pbo": 0.0,
  "deflated_sharpe_benchmark": 1.528307399587048,
  "effective_trials": 30,
  "effective_sample_size": 1064,
  "max_drawdown_R": -0.8064195493751143,
  "cvar_95": -0.06985086841715976,
  "skew": 11.443598017839621,
  "kurtosis": 214.3088850972985,
  "tail_loss_p95": -0.048977739817434474,
  "tail_ratio": 2.7190879165942134,
  "payoff_shape": "trend_convexity",
  "failure_tags": [],
  "promotion_gate": "promote"
}
