{
  "parent_config": [
    0,
    0,
    0
  ],
  "initial_probs": [
    0.999956,
    0.000022,
    0.000022
  ],
  "final_probs": [
    0.538448,
    6.769230769230769e-6,
    0.46154523076923076
  ],
  "strategies_applied": [
    {
      "strategy_name": "ProviderNqSampledPulse",
      "mutation_id": "provider-yf-nq-sampled-pulse-tick-precision-v1",
      "trade_count": 18,
      "n_win": 6,
      "n_loss": 12,
      "n_breakeven": 0,
      "temper": 0.5,
      "before_probs": [
        0.999956,
        0.000022,
        0.000022
      ],
      "after_probs": [
        0.538448,
        6.769230769230769e-6,
        0.46154523076923076
      ],
      "diff": [
        -0.4615079999999999,
        -0.00001523076923076923,
        0.46152323076923074
      ],
      "bbn_entropy_before": 0.0005158756285885085,
      "bbn_entropy_after": 0.6902698730791463,
      "bbn_entropy_reduction": 0.0,
      "bbn_log_loss_before": 7.149660070059981,
      "bbn_log_loss_after": 0.7218049316427306,
      "bbn_log_loss_delta": 6.42785513841725,
      "bbn_contradiction_before": 1.333289333333333,
      "bbn_contradiction_after": 0.41024287179487184,
      "bbn_contradiction_lift": 0.9230464615384613,
      "evidence_value_gate_passed": true
    }
  ],
  "strategies_skipped": [],
  "temper": 0.5,
  "prior_strength": 4.0,
  "bbn_entropy_reduction": 0.0,
  "bbn_log_loss_delta": 6.42785513841725,
  "bbn_contradiction_lift": 0.9230464615384613,
  "evidence_value_gate_passed": true
}