{
  "aq_results": [
    {
      "compile_exit": 0,
      "feather": "docs/experiments/actionable-regime-confidence/runs/20260512T115108+0800-codex-112315-same-root-six-provider-aq-readback-v1/workspace/auto-quant-112315-yfinance/user_data/data/BTC_USDT-1h.feather",
      "first_ts_ms": 1775001600000,
      "last_ts_ms": 1778540400000,
      "metrics": {
        "ProviderCryptoMomentumStateV1": {
          "aggregate": {
            "calmar": 67.90817060171456,
            "max_drawdown_pct": -1.2860010683615695,
            "profit_factor": 1.7314733582840918,
            "sharpe": 1.7293965722332505,
            "sortino": 5.7643812114724575,
            "total_profit_pct": 1.69,
            "trade_count": 14,
            "win_rate_pct": 50.0
          },
          "per_pair": {
            "BTC/USDT": {
              "calmar": 67.90817060171456,
              "max_drawdown_pct": -1.2860010683615695,
              "profit_factor": 1.7314733582840918,
              "sharpe": 1.7293965722332505,
              "sortino": 5.7643812114724575,
              "total_profit_pct": 1.69,
              "trade_count": 14,
              "win_rate_pct": 50.0
            }
          }
        },
        "ProviderCryptoPullbackRevertV1": {
          "aggregate": {
            "calmar": -7.80868006959872,
            "max_drawdown_pct": -1.385215967557131,
            "profit_factor": 0.8505535234732061,
            "sharpe": -0.2935183357387061,
            "sortino": -0.7058021788159177,
            "total_profit_pct": -0.21,
            "trade_count": 8,
            "win_rate_pct": 37.5
          },
          "per_pair": {
            "BTC/USDT": {
              "calmar": -7.80868006959872,
              "max_drawdown_pct": -1.385215967557131,
              "profit_factor": 0.8505535234732061,
              "sharpe": -0.2935183357387061,
              "sortino": -0.7058021788159177,
              "total_profit_pct": -0.21,
              "trade_count": 8,
              "win_rate_pct": 37.5
            }
          }
        }
      },
      "provider": "yfinance",
      "provider_symbol": "BTC-USD",
      "rows": 983,
      "run_tomac_exit": 0,
      "source_csv": "docs/experiments/actionable-regime-confidence/runs/20260512T113833+0800-codex-112904-provider-matrix-aq-date-contract-repair-v1/provider-csv/yfinance_btc_usd_1h.csv",
      "workspace": "docs/experiments/actionable-regime-confidence/runs/20260512T115108+0800-codex-112315-same-root-six-provider-aq-readback-v1/workspace/auto-quant-112315-yfinance"
    },
    {
      "compile_exit": 0,
      "feather": "docs/experiments/actionable-regime-confidence/runs/20260512T115108+0800-codex-112315-same-root-six-provider-aq-readback-v1/workspace/auto-quant-112315-kraken_public/user_data/data/BTC_USDT-1h.feather",
      "first_ts_ms": 1775962800000,
      "last_ts_ms": 1778554800000,
      "metrics": {
        "ProviderCryptoMomentumStateV1": {
          "aggregate": {
            "calmar": -25.514612024641565,
            "max_drawdown_pct": -1.5951611870743552,
            "profit_factor": 0.8609310567518771,
            "sharpe": -1.1266214858050265,
            "sortino": -3.468558823780218,
            "total_profit_pct": -0.55,
            "trade_count": 23,
            "win_rate_pct": 34.78260869565217
          },
          "per_pair": {
            "BTC/USDT": {
              "calmar": -25.514612024641565,
              "max_drawdown_pct": -1.5951611870743552,
              "profit_factor": 0.8609310567518771,
              "sharpe": -1.1266214858050265,
              "sortino": -3.468558823780218,
              "total_profit_pct": -0.55,
              "trade_count": 23,
              "win_rate_pct": 34.78260869565217
            }
          }
        },
        "ProviderCryptoPullbackRevertV1": {
          "aggregate": {
            "calmar": -41.405314647424355,
            "max_drawdown_pct": -1.2627939015214378,
            "profit_factor": 0.5831340534022595,
            "sharpe": -1.627366200080825,
            "sortino": -5.369962446012744,
            "total_profit_pct": -0.71,
            "trade_count": 9,
            "win_rate_pct": 22.22222222222222
          },
          "per_pair": {
            "BTC/USDT": {
              "calmar": -41.405314647424355,
              "max_drawdown_pct": -1.2627939015214378,
              "profit_factor": 0.5831340534022595,
              "sharpe": -1.627366200080825,
              "sortino": -5.369962446012744,
              "total_profit_pct": -0.71,
              "trade_count": 9,
              "win_rate_pct": 22.22222222222222
            }
          }
        }
      },
      "provider": "kraken_public",
      "provider_symbol": "XBTUSD",
      "rows": 721,
      "run_tomac_exit": 0,
      "source_csv": "docs/experiments/actionable-regime-confidence/runs/20260512T113833+0800-codex-112904-provider-matrix-aq-date-contract-repair-v1/provider-csv/kraken_xbtusd_1h.csv",
      "workspace": "docs/experiments/actionable-regime-confidence/runs/20260512T115108+0800-codex-112315-same-root-six-provider-aq-readback-v1/workspace/auto-quant-112315-kraken_public"
    },
    {
      "compile_exit": 0,
      "feather": "docs/experiments/actionable-regime-confidence/runs/20260512T115108+0800-codex-112315-same-root-six-provider-aq-readback-v1/workspace/auto-quant-112315-binance_public/user_data/data/BTC_USDT-1h.feather",
      "first_ts_ms": 1775001600000,
      "last_ts_ms": 1778544000000,
      "metrics": {
        "ProviderCryptoMomentumStateV1": {
          "aggregate": {
            "calmar": 20.917891838682948,
            "max_drawdown_pct": -1.9084665436534447,
            "profit_factor": 1.1326410355009617,
            "sharpe": 1.0089262848650395,
            "sortino": 3.630136981793552,
            "total_profit_pct": 0.77,
            "trade_count": 37,
            "win_rate_pct": 37.83783783783784
          },
          "per_pair": {
            "BTC/USDT": {
              "calmar": 20.917891838682948,
              "max_drawdown_pct": -1.9084665436534447,
              "profit_factor": 1.1326410355009617,
              "sharpe": 1.0089262848650395,
              "sortino": 3.630136981793552,
              "total_profit_pct": 0.77,
              "trade_count": 37,
              "win_rate_pct": 37.83783783783784
            }
          }
        },
        "ProviderCryptoPullbackRevertV1": {
          "aggregate": {
            "calmar": -25.27585391033777,
            "max_drawdown_pct": -2.0034384641025116,
            "profit_factor": 0.5850842589000907,
            "sharpe": -1.8226824759876528,
            "sortino": -5.109067421275159,
            "total_profit_pct": -0.98,
            "trade_count": 15,
            "win_rate_pct": 26.666666666666668
          },
          "per_pair": {
            "BTC/USDT": {
              "calmar": -25.27585391033777,
              "max_drawdown_pct": -2.0034384641025116,
              "profit_factor": 0.5850842589000907,
              "sharpe": -1.8226824759876528,
              "sortino": -5.109067421275159,
              "total_profit_pct": -0.98,
              "trade_count": 15,
              "win_rate_pct": 26.666666666666668
            }
          }
        }
      },
      "provider": "binance_public",
      "provider_symbol": "BTCUSDT",
      "rows": 985,
      "run_tomac_exit": 0,
      "source_csv": "docs/experiments/actionable-regime-confidence/runs/20260512T113833+0800-codex-112904-provider-matrix-aq-date-contract-repair-v1/provider-csv/binance_btcusdt_1h.csv",
      "workspace": "docs/experiments/actionable-regime-confidence/runs/20260512T115108+0800-codex-112315-same-root-six-provider-aq-readback-v1/workspace/auto-quant-112315-binance_public"
    },
    {
      "compile_exit": 0,
      "feather": "docs/experiments/actionable-regime-confidence/runs/20260512T115108+0800-codex-112315-same-root-six-provider-aq-readback-v1/workspace/auto-quant-112315-bybit_public/user_data/data/BTC_USDT-1h.feather",