{
  "parent_config": [
    0,
    0,
    0
  ],
  "initial_probs": [
    0.999956,
    0.000022,
    0.000022
  ],
  "final_probs": [
    0.7758499310344827,
    6.068965517241379e-6,
    0.22414399999999998
  ],
  "strategies_applied": [
    {
      "strategy_name": "ProviderBtcEmaRsiHold12",
      "mutation_id": "provider-owned-btc-ema-rsi-hold12-v1",
      "trade_count": 42,
      "n_win": 29,
      "n_loss": 13,
      "n_breakeven": 0,
      "temper": 0.25,
      "before_probs": [
        0.999956,
        0.000022,
        0.000022
      ],
      "after_probs": [
        0.7758499310344827,
        6.068965517241379e-6,
        0.22414399999999998
      ],
      "diff": [
        -0.2241060689655172,
        -0.000015931034482758622,
        0.224122
      ],
      "bbn_entropy_before": 0.0005158756285885085,
      "bbn_entropy_after": 0.5321805000778819,
      "bbn_entropy_reduction": 0.0,
      "bbn_log_loss_before": 3.3195086044750064,
      "bbn_log_loss_after": 0.6381227211860381,
      "bbn_log_loss_delta": 2.6813858832889683,
      "bbn_contradiction_before": 0.619003619047619,
      "bbn_contradiction_after": 0.17075961904761908,
      "bbn_contradiction_lift": 0.448244,
      "evidence_value_gate_passed": true
    }
  ],
  "strategies_skipped": [],
  "temper": 0.25,
  "prior_strength": 4.0,
  "bbn_entropy_reduction": 0.0,
  "bbn_log_loss_delta": 2.6813858832889683,
  "bbn_contradiction_lift": 0.448244,
  "evidence_value_gate_passed": true
}