{
  "schema_version": "factor-payoff-shape/v1",
  "candidate_id": "VolBreakoutSized",
  "trade_count": 1221,
  "nb_trials": 30,
  "gross_return_R": 11.82917784152641,
  "cost_total_R": 2.4419999999999527,
  "net_return_R": 9.387177841526384,
  "hit_rate": 0.3284193284193284,
  "avg_win": 0.06871065917111899,
  "avg_loss": -0.02215341034889306,
  "win_loss_ratio": 3.1015838233932347,
  "avg_rr": 3.1015838233932347,
  "profit_factor": 1.5167501380252286,
  "sharpe": 1.6231283972741943,
  "sortino": 6.370264674505768,
  "calmar": 8.575284090941725,
  "oos_sharpe_lcb": 1.5670367441850444,
  "psr": 0.9999994836743071,
  "dsr": 0.7229276855338879,
  "pbo": 0.03407035829249405,
  "deflated_sharpe_benchmark": 1.4265842756685398,
  "effective_trials": 30,
  "effective_sample_size": 1221,
  "max_drawdown_R": -1.0946783502417468,
  "cvar_95": -0.06847653007336664,
  "skew": 11.81444830668447,
  "kurtosis": 233.06959823131646,
  "tail_loss_p95": -0.048488467601521944,
  "tail_ratio": 2.6177076213026784,
  "payoff_shape": "trend_convexity",
  "failure_tags": [
    "low_dsr"
  ],
  "promotion_gate": "probe"
}
